DROP database DBTESI;

CREATE DATABASE DBTESI;

USE DBTESI;

CREATE TABLE USER (
	ID VARCHAR (20) PRIMARY KEY,
	PW VARCHAR (20)	NOT NULL,
    MANA INT DEFAULT 0
);

CREATE TABLE CLASSES (
    CLASS VARCHAR (20) PRIMARY KEY,    /*tiene conto degli incrementi sul lvl up*/
    HP INT NOT NULL DEFAULT 1,
    DEF INT NOT NULL DEFAULT 1,
    MDEF INT NOT NULL DEFAULT 1,
    AD INT NOT NULL DEFAULT 1,
    AP INT NOT NULL DEFAULT 1,
    ATTKRANGE INT NOT NULL DEFAULT 1
);

INSERT INTO CLASSES (CLASS, AP, ATTKRANGE) VALUES ('APC', 3, 3);
INSERT INTO CLASSES (CLASS, AD, ATTKRANGE) VALUES ('ADC', 3, 2);
INSERT INTO CLASSES (CLASS, HP) VALUES ('Tank', 1);
INSERT INTO CLASSES (CLASS, AP, ATTKRANGE) VALUES ('Healer', 3, 4);
INSERT INTO CLASSES (CLASS, AD) VALUES ('Melee', 3);

CREATE TABLE MONSTER (
	DENOMINATION VARCHAR(20) PRIMARY KEY,
    HP INT NOT NULL DEFAULT 1,			/*statistiche di base*/
    DEF INT NOT NULL DEFAULT 0,
    MDEF INT NOT NULL DEFAULT 0,
    AD INT NOT NULL DEFAULT 0,
    AP INT NOT NULL DEFAULT 0,
    CLASS VARCHAR (20),
    FOREIGN KEY (CLASS) REFERENCES CLASSES(CLASS),	/*MELEE, RANGED, MIX? */
    TYPE VARCHAR (20) NOT NULL DEFAULT 'Normal' REFERENCES TYPOLOGY 	/* Normal, Fire, Water, Light, Shadow */
);

CREATE TABLE SUPPLIES (
	S_NAME VARCHAR (20) PRIMARY KEY,
	S_VALUE INT NOT NULL DEFAULT 1,
    S_HP INT NOT NULL DEFAULT 0,
    S_STATUS VARCHAR (20) DEFAULT null
);

CREATE TABLE SUPPLIES_OWNED (
	S_NAME VARCHAR (20),
    FOREIGN KEY (S_NAME) REFERENCES SUPPLIES(S_NAME),
	S_QUANTITY INT NOT NULL DEFAULT 1,
    ID_OWNER VARCHAR (20),
    FOREIGN KEY (ID_OWNER) REFERENCES USER(ID),
    
    PRIMARY KEY (S_NAME, ID_OWNER)
);

/*
CREATE TABLE TYPOLOGY (
	TYPE VARCHAR (20) PRIMARY KEY
);

INSERT INTO TYPOLOGY VALUES ('Normal'), ('Fire'), ('Water'), ('Light'), ('Shadow');

CREATE TABLE SPECIALIZATION (
	SPEC VARCHAR (20) PRIMARY KEY,
    HP INT NOT NULL DEFAULT 1,
    DEF INT NOT NULL DEFAULT 1,
    MDEF INT NOT NULL DEFAULT 1,
    AD INT NOT NULL DEFAULT 1,
    AP INT NOT NULL DEFAULT 1
);

INSERT INTO SPECIALIZATION (SPEC, AP) VALUES ('APC', 3);
INSERT INTO SPECIALIZATION (SPEC, AD) VALUES ('ADC', 3);
INSERT INTO SPECIALIZATION (SPEC, DEF, MDEF) VALUES ('Tank', 3, 2);
INSERT INTO SPECIALIZATION (SPEC, AP) VALUES ('Healer', 3);

*/

CREATE TABLE WEARABLE (
	W_NAME VARCHAR (20) PRIMARY KEY,
    W_TYPE VARCHAR (20) NOT NULL,	/* CAP, CHEST, LEG, SHOES, GLOVES, ACCESSORIES, WEAPON */
	W_HP INT NOT NULL DEFAULT 0,
    W_DEF INT NOT NULL DEFAULT 0,
    W_MDEF INT NOT NULL DEFAULT 0,
    W_AD INT NOT NULL DEFAULT 0, 
    W_AP INT NOT NULL DEFAULT 0
);

CREATE TABLE WEARABLE_OWNED (
	W_NAME VARCHAR(20),
	FOREIGN KEY (W_NAME) references WEARABLE(W_NAME),
	W_QUANTITY INT NOT NULL DEFAULT 1,
    W_EQUIPPED INT DEFAULT 0 NOT NULL, 
    ID_OWNER VARCHAR (20),
    FOREIGN KEY (ID_OWNER) references USER(ID),
	
    
    PRIMARY KEY (W_NAME, ID_OWNER)
);

CREATE TABLE MONSTER_OWNED (
	COD_M INT PRIMARY KEY AUTO_INCREMENT,
    DENOMINATION VARCHAR(20),
    FOREIGN KEY (DENOMINATION) REFERENCES MONSTER(DENOMINATION),
    NAME VARCHAR (20),
	LVL INT NOT NULL DEFAULT 1,
	EXP INT NOT NULL DEFAULT 0,
    ID_OWNER VARCHAR(20),
    FOREIGN KEY (ID_OWNER) REFERENCES USER(ID)
);

CREATE TABLE EQUIPPED (
	COD_M INT(20),
    FOREIGN KEY (COD_M) references MONSTER_OWNED(COD_M),
	W_NAME VARCHAR (20),
    FOREIGN KEY (W_NAME) references WEARABLE(W_NAME),
    
    PRIMARY KEY (COD_M, W_NAME)
);

CREATE TABLE ABILITY (
	A_NAME VARCHAR (20) PRIMARY KEY,
    A_LVL INT NOT NULL DEFAULT 1,
    A_TYPE VARCHAR (20) NOT NULL DEFAULT 'Normal' REFERENCES TYPOLOGY,
    A_CLASS VARCHAR (20),
    FOREIGN KEY (A_CLASS) REFERENCES CLASSES(CLASS),
	A_ATTK_RANGE INT NOT NULL DEFAULT 1,
    A_STATUS VARCHAR (20) DEFAULT null,		/* Frozen, Poisoned */
	A_STATUS_DURATION INT DEFAULT null,
    A_AD INT NOT NULL DEFAULT 0,
    A_AP INT NOT NULL DEFAULT 0,
    A_HEAL INT NOT NULL DEFAULT 0,
    A_CD INT NOT NULL DEFAULT 0,      /* RICARICA ABILITÀ, MISURATO IN TURNI */
    A_CT INT NOT NULL DEFAULT 0		/* CAST TIME */
);

INSERT INTO ABILITY (A_NAME, A_ATTK_RANGE, A_AD) VALUES ('Arrow', 3, 3); 
INSERT INTO ABILITY (A_NAME, A_TYPE, A_STATUS, A_ATTK_RANGE, A_AD, A_AP) VALUES ('Frost arrow', 'Water', 'Frozen', 3, 1, 10); 
INSERT INTO ABILITY (A_NAME, A_TYPE, A_ATTK_RANGE, A_HEAL) VALUES ('Blessing', 'Light', 3, 10); 

CREATE TABLE MONSTER_ABILITY (
	COD_M INT,
    FOREIGN KEY (COD_M) REFERENCES MONSTER_OWNED(COD_M),
	A_NAME VARCHAR (20),
    FOREIGN KEY (A_NAME) REFERENCES ABILITY(A_NAME),
    PRIMARY KEY (COD_M, A_NAME)
);

CREATE TABLE TEAM (						/* Da 0 a 9 istanze per ogni user (vincolo java) */
	ID_USER VARCHAR(20),
    FOREIGN KEY (ID_USER) REFERENCES USER(ID),
	COD_M INT,
    FOREIGN KEY (COD_M) REFERENCES MONSTER_OWNED(COD_M),		/* DA VINCOLARE (SCELTA SOLO TRA MOSTRI POSSEDUTI) IN JAVA*/
    
	PRIMARY KEY (COD_M),
    UNIQUE (ID_USER, COD_M)
);

CREATE TABLE MATCHMAKING(
	ID VARCHAR(20) NOT NULL,
	FOREIGN KEY (ID) REFERENCES USER(ID),
    LVL INT NOT NULL,
	PRIORITY INT AUTO_INCREMENT PRIMARY KEY,
    
    UNIQUE (ID)
);

CREATE TABLE GAME(
	ID1 VARCHAR (20) NOT NULL REFERENCES USER(ID),
    ID2 VARCHAR (20) NOT NULL REFERENCES USER(ID),
    PRIMARY KEY (ID1, ID2),
    UNIQUE (ID1),
    UNIQUE (ID2)
);

CREATE TABLE MONSTER_FIGHTING (			/* PERDO LA COGNIZIONE DI QUANTI MOSTRI PUÒ USARE UN UTENTE */
	COD_M INT PRIMARY KEY,
    FOREIGN KEY COD_M(COD_M) REFERENCES TEAM(COD_M),
    POS INT NOT NULL,
	STATUS VARCHAR(20),
    HP INT NOT NULL,
    DEF INT NOT NULL,
    MDEF INT NOT NULL,
    AD INT NOT NULL,
    AP INT NOT NULL,
    
    UNIQUE (POS, COD_M)
);

CREATE TABLE MONSTER_ACTION (
	COD_M INT,
    FOREIGN KEY (COD_M) REFERENCES MONSTER_FIGHTING(COD_M),
    ACTION VARCHAR(20),  /*ATTK, MOVE, ABILITY*/
    PRIMARY KEY(COD_M)
);

CREATE TABLE A_ATTACK(

COD_M INT,
FOREIGN KEY (COD_M) REFERENCES TEAM(COD_M),
COD_MA INT,
FOREIGN KEY (COD_M) REFERENCES TEAM(COD_M)
);

CREATE TABLE A_MOVE(
COD_M INT,
FOREIGN KEY (COD_M) REFERENCES TEAM(COD_M),
POS INT
);

CREATE TABLE A_ABILITY(
COD_M INT,
FOREIGN KEY (COD_M) REFERENCES TEAM(COD_M),
COD_MA INT,
FOREIGN KEY (COD_M) REFERENCES TEAM(COD_M),
A_NAME VARCHAR(20),
FOREIGN KEY (A_NAME) REFERENCES MONSTER_ABILITY(A_NAME)
);



/* INSERIMENTO DATI DI PROVA */

INSERT INTO USER (ID, PW) VALUES ('KikiValium', '123');
INSERT INTO USER (ID, PW, mana) VALUES ('FilloGrasso', 'muffin', 3);
INSERT INTO USER (ID, PW, mana) VALUES ('GiantFillo27', 'muffin', 3);

INSERT INTO CLASSES () VALUES ();

INSERT INTO MONSTER (DENOMINATION, CLASS) VALUES ('Animal', 'Melee'), ('Ameba', 'Healer');

INSERT INTO MONSTER_OWNED (DENOMINATION, NAME, ID_OWNER) VALUES ('Animal', 'Summer', 'KikiValium');
INSERT INTO MONSTER_OWNED (DENOMINATION, NAME, ID_OWNER, LVL) VALUES ('Ameba', 'Fil', 'KikiValium', 27);

INSERT INTO MONSTER_OWNED (DENOMINATION, NAME, ID_OWNER, ExP) VALUES ('Animal', 'Pene', 'FilloGrasso', 10000);
INSERT INTO MONSTER_OWNED (DENOMINATION, NAME, ID_OWNER) VALUES ('Ameba', 'Yogurt', 'FilloGrasso');

INSERT INTO MONSTER_OWNED (DENOMINATION, NAME, ID_OWNER, LVL) VALUES ('Animal', 'Pene27', 'GiantFillo27', 101);

INSERT INTO MONSTER_ABILITY VALUES (1, 'Frost arrow');
INSERT INTO MONSTER_ABILITY VALUES (1, 'Arrow');
INSERT INTO MONSTER_ABILITY VALUES (3, 'Frost arrow');
INSERT INTO MONSTER_ABILITY VALUES (2, 'Blessing');
INSERT INTO MONSTER_ABILITY VALUES (3, 'Blessing');

INSERT INTO MATCHMAKING (ID, LVL) VALUES ('FilloGrasso', 1);
INSERT INTO MATCHMAKING (ID, LVL) VALUES ('GiantFillo27', 27);

INSERT INTO GAME VALUES ('FilloGrasso', 'GiantFillo27');

INSERT INTO WEARABLE (W_NAME, W_TYPE, W_AD) VALUES ('Spada del vento', 'Weapon', 10);
INSERT INTO WEARABLE (W_NAME, W_TYPE, W_HP) VALUES ('Cappellino a pene', 'Cap', 9);
INSERT INTO WEARABLE (W_NAME, W_TYPE, W_HP, W_AP, W_DEF) VALUES ('Pinguino di linux', 'Weapon', 100, 100, 100);

INSERT INTO WEARABLE_OWNED (W_NAME, ID_OWNER) VALUES ('Spada del vento', 'FilloGrasso');

INSERT INTO EQUIPPED VALUES (2, 'Spada del vento');
INSERT INTO EQUIPPED VALUES (4, 'Cappellino a pene');


/* QUERY 

INSERT INTO TEAM (COD_M, ID_USER)
SELECT COD_M, ID_OWNER
FROM MONSTER_OWNED
    WHERE ID_OWNER = 'FilloGrasso'
    AND NAME = 'Pene';
    
INSERT INTO TEAM (COD_M, ID_USER)
SELECT COD_M, ID_OWNER
FROM MONSTER_OWNED mo
    WHERE mo.ID_OWNER = 'GiantFillo27'
    AND mo.NAME = 'Pene27';

/* In java: fare una query che richiede il cod_m di ogni mostro, e inviare direttamente cod_m 

INSERT INTO MONSTER_FIGHTING (COD_M, POS) VALUES (3, 2);
INSERT INTO MONSTER_FIGHTING (COD_M, POS) VALUES (5, 9);

/* INSERT INTO MONSTER_FIGHTING (COD_M, POS)
SELECT COD_M
FROM TEAM t, USER_FIGHTING uf 
EQUIPPED	WHERE t.ID_USER = uf.ID
    GROUP BY COD_M; /* INSERIMENTO AUTOMATIZZATO 

SELECT *
FROM MONSTER_OWNED;

SELECT *
FROM TEAM
WHERE ID_USER = 'KikiValium';

SELECT ID
FROM USER FIGHTING;

SELECT *
FROM MONSTER_FIGHTING mf, MONSTER_OWNED mo
WHERE mf.COD_M=mo.COD_M;

SELECT *
FROM MATCHMAKING 
ORDER BY PRIORITY;

SELECT *
FROM GAME
WHERE ID1 OR ID2 = 'FilloGrasso'
AND ID1 OR ID2 = 'GiantFillo27';


*/